{
	"schemaVersion": 1,
	"id": "healsword",
	"version": "${version}",
	"name": "HealSword",
	"description": "This is an example description! Tell everyone what your mod is about!",
	"authors": [
		"Me!"
	],
	"contact": {
		"homepage": "https://fabricmc.net/",
		"sources": "https://github.com/FabricMC/fabric-example-mod"
	},
	"license": "CC0-1.0",
	"icon": "assets/healsword/icon.png",
	"environment": "*",
	"entrypoints": {
		"main": [
			"com.healing.HealSword"
		],
		"client": [
			"com.healing.HealSwordClient"
		],
		"fabric-datagen": [
			"com.healing.HealSwordDataGenerator"
		]
	},
	"mixins": [
		"healsword.mixins.json",
		{
			"config": "healsword.client.mixins.json",
			"environment": "client"
		}
	],
	"depends": {
		"fabricloader": ">=0.17.3",
		"minecraft": "~1.19.2",
		"java": ">=17",
		"fabric-api": "*"
	},
	"suggests": {
		"another-mod": "*"
	}
}